﻿Page_Content,Page,Group,Content-Type,Page_Content,Type,Tile,pageviews,unique_pageviews,avg_time_on_page,entrances,bounce_rate,percent_exit,page_value
landing page,/,medical&life-insurance,home page,landing page,static,Home,116711,87164,51.6,81885,0.25,0.24,0
open enrollment overview 2021,/keyword/open-enrollment-overview-2021/,new-hires,enrollment,open enrollment overview 2021,search,New Hire,27192,16891,92.51,4871,0.23,0.16,0
2020 medical plan overview,/keyword/2020-medical-plan-overview/,medical&life-insurance,medical,2020 medical plan overview,search,Healthcare,18993,12308,131.69,1448,0.37,0.18,0
leave of absence tool,/loa-tool/,requiring-support,leave of absensce,leave of absence tool,static,Take Leave,16817,11924,59.56,4370,0.25,0.14,0
sick and disability,/keyword/sick-and-disability/,requiring-support,disability,sick and disability,search,Take Leave,16399,14007,263.87,6024,0.63,0.49,0
new hires tour,/new-hires/tour/,new-hires,introduction,new hires tour,static,New Hire,13863,7949,64.86,816,0.48,0.1,0
new hires home,/new-hires/home/,new-hires,introduction,new hires home,static,New Hire,13238,10673,52.1,3623,0.28,0.17,0
leave of absence page,/leave-of-absence-page/,requiring-support,leave of absensce,leave of absence page,static,Take Leave,12726,9379,81.97,4590,0.34,0.26,0
see a healthcare provider,/keyword/see-a-healthcare-provider/,medical&life-insurance,medical,see a healthcare provider,search,Healthcare,9960,8190,39.54,276,0.62,0.12,0
2021 medical plan modeler,/2021-medical-plan-modeler/,medical&life-insurance,medical,2021 medical plan modeler,static,Healthcare,9104,6410,154.88,655,0.56,0.38,0
premiums,/keyword/premiums/,medical&life-insurance,premiums,premiums,search,Healthcare,8873,5627,108.7,460,0.4,0.17,0
403b,/keyword/403b/,planning-retirement,retirement benefits,403b,search,Retire,8638,7359,302.01,1749,0.62,0.55,0
2020 medical plan modeler,/2020-medical-plan-modeler/,medical&life-insurance,medical,2020 medical plan modeler,static,Healthcare,6535,4736,176.17,315,0.49,0.37,0
2020 aetna epo,/keyword/2020-aetna-epo/,medical&life-insurance,medical,2020 aetna epo,search,Healthcare,6485,4718,127.16,730,0.28,0.19,0
2020 uhc cdhp,/keyword/2020-uhc-cdhp/,medical&life-insurance,medical,2020 uhc cdhp,search,Healthcare,6473,4996,161.18,867,0.34,0.23,0
2020 empire pos,/keyword/2020-empire-pos/,medical&life-insurance,medical,2020 empire pos,search,Healthcare,6443,4712,115.52,1130,0.29,0.22,0
pension,/keyword/pension/,planning-retirement,retirement benefits,pension,search,Retire,6436,4964,200.41,2066,0.59,0.42,0
dental options,/keyword/dental-options-keyword/,medical&life-insurance,medical,dental options,search,Healthcare,6383,5353,199.1,410,0.6,0.37,0
medical,/category/medical/,medical&life-insurance,medical,medical,static,Healthcare,6245,3791,27.22,1390,0.07,0.13,0
wellness,/category/wellness/,wellness-focus,health,wellness,static,Healthcare,5594,4022,52.57,2167,0.41,0.3,0
save money,/keyword/save-money/,focusing-on-savings,savings,save money,search,Save,5501,4740,102.07,155,0.43,0.38,0
2020 aetna pos,/keyword/2020-aetna-pos/,medical&life-insurance,medical,2020 aetna pos,search,Healthcare,5239,3966,115.38,344,0.35,0.17,0
documents forms,/keyword/documents-forms/,medical&life-insurance,forms,documents forms,search,Healthcare,5217,4039,32.13,321,0.31,0.14,0
pension plan,/keyword/pension-plan/,planning-retirement,retirement benefits,pension plan,search,Retire,5156,4182,141.94,1279,0.65,0.35,0
covid-19,/keyword/covid-19/,wellness-focus,health,covid-19,search,Healthcare,5110,4489,169.68,1024,0.7,0.48,0
time away,/time-away/,taking-time-off,time off,time away,static,Take Leave,4673,3241,64.11,1640,0.29,0.2,0
vision option,/keyword/vision-option-keyword/,medical&life-insurance,medical,vision option,search,Healthcare,4648,4026,175.99,271,0.59,0.43,0
2020 uhc tiered epo,/keyword/2020-uhc-tiered-epo/,medical&life-insurance,medical,2020 uhc tiered epo,search,Healthcare,4297,3247,154.6,452,0.34,0.21,0
new-hires facts ,/new-hires/facts/,new-hires,introduction,new-hires facts ,static,New Hire,3915,3180,49.73,197,0.26,0.07,0
get active,/keyword/get-active/,wellness-focus,health,get active,search,Get Active,3732,3263,67.58,103,0.73,0.3,0
enrollment,/new-hires/enrollment/,new-hires,introduction,enrollment,static,New Hire,3621,2873,113.64,248,0.44,0.19,0
be well,/keyword/be-well/,wellness-focus,health,be well,search,Healthcare,3380,2895,82.73,1195,0.67,0.37,0
contacts,/contacts/,medical&life-insurance,benefits,contacts,static,Healthcare,3309,2955,168.73,296,0.66,0.54,0
retirement tool landing,/retirement-tool-landing/,planning-retirement,retirement benefits,retirement tool landing,static,Retire,3298,2509,31.36,390,0.19,0.1,0
hsa details,/keyword/hsa-details/,focusing-on-savings,savings,hsa details,search,Save,3264,2776,226.4,670,0.49,0.39,0
check your providers,/keyword/check-your-providers/,medical&life-insurance,medical,check your providers,search,Healthcare,3187,2691,203.39,142,0.57,0.35,0
sick time,/keyword/sick-time/,taking-time-off,time off,sick time,search,Take Leave,3092,2655,155.07,444,0.66,0.42,0
commuter commuter-spending-account spending-accounts,/keyword/commuter-keyword/?childslug=commuter-keyword&syn=Commuter+Spending+Account&parentslug=accounts-parent&parentname=Spending+Accounts,commuter,savings,commuter commuter-spending-account spending-accounts,search,Save,2990,2708,201.9,243,0.58,0.42,0
medical forms and documents,/keyword/documents-forms-medical-parent/,documenting,forms,medical forms and documents,search,Forms,2624,2251,257.52,217,0.53,0.42,0
next steps,/new-hires/next-steps/,new-hires,introduction,next steps,static,New Hire,2523,2134,85.28,147,0.54,0.29,0
retirement tool,/retirement-tool/,planning-retirement,retirement benefits,retirement tool,static,Retire,2436,1897,178.97,114,0.46,0.33,0
msk paid parental leave,/keyword/msk-paid-parental-leave/,taking-time-off,time off,msk paid parental leave,static,Take Leave,2385,2042,79.99,108,0.37,0.17,0
employee discounts,/keyword/employee-discounts/,focusing-on-savings,savings,employee discounts,search,Save,2344,2188,164.54,124,0.84,0.62,0
leave of absence faqs,/keyword/leave-of-absence-faqs/,requiring-support,leave of absensce,leave of absence faqs,search,Take Leave,2310,1944,111.24,303,0.48,0.28,0
change in status event glossary,/keyword/change-in-status-event/?childslug=change-in-status-event&syn=Change+in+Status+Event&parentslug=glossary-parent&parentname=Glossary,experiencing-life-events,life events,change in status event glossary,search,Change,2221,1856,170.57,1055,0.56,0.46,0
giving birth regular delivery after 12 months or more in msk in new-york,/loa-results/?loa-leave-type=im-giving-birth&loa-birth-type=regular-delivery&loa-tenure=12-months-or-more&loa-location=new-york&action=pcloa_get_time_off_results,taking-time-off,leave of absensce,giving birth regular delivery after 12 months or more in msk in new-york,static,Take Leave,2199,2009,399,224,0.52,0.67,0
employee assistance program ,/keyword/employee-assistance-program-keyword/,requiring-support,employee assistance,employee assistance program ,search,,2187,1943,190.03,734,0.7,0.55,0
rx savings solutions,/keyword/rx-savings-solutions/,focusing-on-savings,savings,rx savings solutions,search,Save,2175,2048,145.94,845,0.65,0.37,0
long term disability,/keyword/long-term-disability-keyword/,requiring-support,disability,long term disability,search,Take Leave,2158,1818,189.43,261,0.49,0.32,0
accidental death and dismemberment,/keyword/accidental-death-dismemberment-keyword/?childslug=accidental-death-dismemberment-keyword&syn=AD&D=&parentslug=life-disability-parent&parentname=Life+&+Disability=,medical&life-insurance,life insurance,accidental death and dismemberment,search,Healthcare,2107,1731,177.82,404,0.51,0.4,0
change in status event,/keyword/change-in-status-event/,experiencing-life-events,life events,change in status event,search,Change,2063,1790,188.03,888,0.56,0.46,0
pension plan faqs,/keyword/pension-plan-faqs/,planning-retirement,retirement benefits,pension plan faqs,search,Retire,2048,1637,278.94,547,0.3,0.39,0
healthcare fsa,/keyword/healthcare-fsa-keyword/,focusing-on-savings,savings,healthcare fsa,search,Save,2044,1751,252.45,187,0.49,0.41,0
prescription coverage,/keyword/prescription-coverage-keyword/,focusing-on-savings,savings,prescription coverage,search,Save,2007,1701,98.68,94,0.41,0.2,0
life insurance,/keyword/life-insurance-keyword/?childslug=life-insurance-keyword&syn=Life+Insurance&parentslug=life-disability-parent&parentname=Life+&+Disability=,medical&life-insurance,life insurance,life insurance,search,Healthcare,1991,1680,202.5,157,0.41,0.33,0
dependent fsa,/keyword/dependent-fsa-keyword/?childslug=dependent-fsa-keyword&syn=Dependent+Care+FSA&parentslug=accounts-parent&parentname=Spending+Accounts,focusing-on-savings,savings,dependent fsa,search,Save,1977,1812,230.98,507,0.58,0.43,0
covid-19,/keyword/covid-19/?web=1,wellness-focus,health,covid-19,search,Healthcare,1940,1737,125.51,1684,0.79,0.79,0
vacation and holidays,/keyword/vacation-and-holidays/,taking-time-off,time off,vacation and holidays,search,Take Leave,1838,1571,135.09,94,0.56,0.41,0
medical deductible,/keyword/medical-deductible/,medical&life-insurance,medical,medical deductible,search,Healthcare,1796,1454,105.47,39,0.46,0.14,0
dental premiums,/keyword/dental-premiums-keyword/,medical&life-insurance,medical,dental premiums,search,Retire,1737,1355,77.97,41,0.46,0.13,0
retiree medical plans,/keyword/retiree-medical-plans/,planning-retirement,retirement benefits,retiree medical plans,search,Retire,1722,1526,274.27,267,0.65,0.45,0
welcoming a new child,/keyword/welcoming-a-new-child/,experiencing-life-events,life events,welcoming a new child,search,Child,1686,1337,94.29,125,0.43,0.17,0
short term disability leaves,/keyword/short-term-disability-leaves/,requiring-support,leave of absensce,short term disability leaves,search,Take Leave,1672,1396,139.87,165,0.55,0.32,0
answers for questions for enrolled in the empire pos,/keyword/im-enrolled-in-the-empire-pos/,medical&life-insurance,medical,answers for questions for enrolled in the empire pos,search,Healthcare,1666,1338,71.8,38,0.41,0.16,0
fitness center discounts,/keyword/fitness-center-discounts/,focusing-on-savings,savings,fitness center discounts,search,Save,1622,1483,103.81,63,0.62,0.35,0
looking for child care,/keyword/looking-for-child-care/,experiencing-life-events,life events,looking for child care,search,Child Care,1572,1439,128.89,99,0.71,0.34,0
retirement guidance support tools,/keyword/retirement-guidance-support-tools/,planning-retirement,retirement benefits,retirement guidance support tools,search,Retire,1552,1268,104.79,252,0.35,0.28,0
403b 403(b),/keyword/403b/?childslug=403b&syn=403(b)&parentslug=retirement&parentname=Retirement,planning-retirement,retirement benefits,403b 403(b),search,Retire,1473,1276,294.17,322,0.52,0.45,0
dental,/category/dental/,medical&life-insurance,medical,dental,static,Healthcare,1430,724,10.9,26,0.4,0.01,0
dental options,/keyword/dental-options-keyword/?childslug=dental-options-keyword&syn=Options&parentslug=dental-parent&parentname=Dental,medical&life-insurance,medical,dental options,search,Healthcare,1408,1172,254.82,731,0.41,0.38,0
change in status event documentation,/keyword/change-in-status-event-documentation/?childslug=change-in-status-event-documentation&syn=Change+in+Status+Event+Documentation&parentslug=glossary-parent&parentname=Glossary,experiencing-life-events,life events,change in status event documentation,search,Change,1407,1179,169.13,279,0.7,0.46,0
ny paid family leave,/keyword/ny-paid-family-leave/,requiring-support,leave of absensce,ny paid family leave,search,Take Leave,1404,1240,118.88,66,0.42,0.24,0
managing your rsp,/keyword/managing-your-rsp/,planning-retirement,retirement benefits,managing your rsp,search,Retire,1352,1118,223.91,342,0.6,0.46,0
dental plan comparisons chart,/keyword/dental-plan-comparisons-keyword/?childslug=dental-plan-comparisons-keyword&syn=Plan+Comparison+Chart&parentslug=dental-parent&parentname=Dental,medical&life-insurance,medical,dental plan comparisons chart,search,Healthcare,1345,1145,108.64,44,0.62,0.25,0
key employee supplemental savings plan kessp 457b,/keyword/key-employee-supplemental-savings-plan-kessp-457b/,planning-retirement,retirement benefits,key employee supplemental savings plan kessp 457b,search,Retire,1319,1186,165.99,144,0.61,0.38,0
federal loan forgiveness savi service,/keyword/savi/,paying-student-loans,education,federal loan forgiveness savi service,search,Save,1311,1226,187.59,743,0.84,0.66,0
take time off,/keyword/take-time-off/,taking-time-off,time off,take time off,search,Take Leave,1304,1119,74.17,36,0.38,0.18,0
documents and forms,/keyword/documents-forms/?childslug=documents-forms&syn=Documents+&+Forms=&parentslug=medical-parent&parentname=Medical,documenting,forms,documents and forms,search,Forms,1287,948,32.72,153,0.48,0.11,0
documents and forms for time off and leaves,/keyword/documents-forms-leaves/,documenting,forms,documents and forms for time off and leaves,search,Take Leave,1281,1074,167.08,84,0.57,0.41,0
facing a cancer diagnosis,/keyword/facing-a-cancer-diagnosis/,requiring-support,health,facing a cancer diagnosis,search,Cancer Care,1236,1019,69.68,58,0.67,0.18,0
hr resource center on leaves,/keyword/hr-resource-center/?childslug=hr-resource-center&syn=HRRC&parentslug=leaves&parentname=Leaves?web=1,taking-time-off,leave of absensce,hr resource center on leaves,search,Take Leave,1224,1127,121.02,1060,0.73,0.71,0
change in relationship status,/keyword/change-in-relationship-status/?childslug=change-in-relationship-status&syn=Change+in+Relationship+Status&parentslug=life-with-benefits&parentname=Life+with+Benefits,experiencing-life-events,life events,change in relationship status,search,Change,1218,1041,78.12,22,0.5,0.17,0
answers for questions for enrolled in the aetna ep,/keyword/im-enrolled-in-the-aetna-epo/,medical&life-insurance,medical,answers for questions for enrolled in the aetna ep,search,Healthcare,1216,1032,66.96,31,0.5,0.16,0
employee discounts,/keyword/employee-discounts/?childslug=employee-discounts&syn=Employee Discounts&parentslug=wellness-parent&parentname=Wellness?web=1,focusing-on-savings,savings,employee discounts,search,Save,1201,1115,212.4,1010,0.81,0.8,0
fertility support program,/keyword/fertility-support-program/,wellness-focus,health,fertility support program,search,Child,1143,891,91.29,48,0.37,0.21,0
2021 enrollment tools and resources,/keyword/2021-enrollment-tools-and-resources/,new-hires,enrollment,2021 enrollment tools and resources,search,Healthcare,1122,913,72.29,16,0.29,0.18,0
answers for questions for enrolled in the aetna pos,/keyword/im-enrolled-in-the-aetna-pos/,medical&life-insurance,medical,answers for questions for enrolled in the aetna pos,search,Healthcare,1095,923,58.73,31,0.62,0.13,0
health advocate,/keyword/health-advocate/,wellness-focus,health,health advocate,search,Healthcare,1080,986,186.64,136,0.56,0.36,0
metlife leave of absence glossary,/keyword/metlife-leave-of-absence-glossary-2/,checking-insurance-change,following insurance changes,metlife leave of absence glossary,search,Healthcare,1077,922,191.01,217,0.71,0.55,0
returning from a leave,/other-type/returning-from-a-leave/?web=1,requiring-support,leave of absensce,returning from a leave,static,Take Leave,1064,850,38.57,573,0.29,0.25,0
sick or injured and need time to recover more than 7 days,/loa-results/?loa-leave-type=im-sickinjured-and-need-time-to-recover&loa-sick-injury-location=no&loa-tenure=12-months-or-more&loa-location=new-york&loa-time-away=more-than-7-days&action=pcloa_get_time_off_results,requiring-support,leave of absensce,sick or injured and need time to recover more than 7 days,static,Take Leave,1060,978,368.26,151,0.41,0.64,0
documents and forms for retirement,/keyword/documents-forms-retirement/,documenting,forms,documents and forms for retirement,search,Retire,1046,968,249.66,169,0.57,0.49,0
check your providers metlife,/keyword/check-your-providers-metlife/?childslug=check-your-providers-metlife&syn=MetLife+Providers&parentslug=dental-parent&parentname=Dental,medical&life-insurance,medical,check your providers metlife,search,Healthcare,1024,900,171.26,54,0.67,0.36,0
top 10 enrollment questions,/keyword/top-10-enrollment-questions/,new-hires,enrollment,top 10 enrollment questions,search,Healthcare,1011,899,182.17,271,0.52,0.36,0
change my benefits coverage,/keyword/change-my-benefits-coverage/,experiencing-life-events,life events,change my benefits coverage,search,Healthcare,1000,863,78.23,85,0.47,0.27,0
employee assistance program,/keyword/employee-assistance-program-keyword/?childslug=employee-assistance-program-keyword&syn=EAP&parentslug=wellness-parent&parentname=Wellness?web=1,requiring-support,life events,employee assistance program,search,Change,995,902,221.05,863,0.73,0.72,0
workday glossary,/keyword/workday-glossary/?childslug=workday-glossary&syn=Workday&parentslug=glossary-parent&parentname=Glossary?web=1,medical&life-insurance,enrollment,workday glossary,search,Healthcare,981,891,132.39,864,0.77,0.76,0
I wish to bond with my newborn adopted child or newly placed foster child,/loa-results/?loa-leave-type=i-wish-to-bond-with-my-newborn-adopted-child-or-newly-placed-foster-child&loa-employee-type=full-time&loa-tenure=12-months-or-more&loa-location=new-york&action=pcloa_get_time_off_results,experiencing-life-events,life events,I wish to bond with my newborn adopted child or newly placed foster child,static,Take Leave,960,877,355.13,95,0.58,0.62,0
documents and forms vision,/keyword/documents-forms-vision-parent/?childslug=documents-forms-vision-parent&syn=Documents+&+Forms=&parentslug=vision-parent&parentname=Vision,documenting,forms,documents and forms vision,search,Forms,950,880,244.42,56,0.77,0.56,0
documents and forms dental,/keyword/dental-documents-forms/?childslug=dental-documents-forms&syn=Documents+&+Forms=&parentslug=dental-parent&parentname=Dental,documenting,forms,documents and forms dental,search,Forms,945,846,259.9,55,0.6,0.44,0