{"metadata":{"asset_id":"e498a06d-e447-4e04-996a-9dcd1288c429","asset_attributes":["data_asset"],"name":"msk_benefits_500_crawled_CLEAN_data.csv","asset_type":"data_asset","created_at":"2021-09-15T19:58:48Z","description":"","origin_country":"us","owner_id":"1000331007","project_id":"aea02220-b023-4e04-87c6-d822fac4a5f7","size":5719669,"tags":[],"usage":{"last_update_time":1631735928351,"last_updated_at":"2021-09-15T19:58:48Z"}},"entity":{"data_asset":{"mime_type":"text/csv","dataset":false}},"attachments":[{"id":"37ebdb6d-6dd8-4566-bbf7-dbe435560278","version":2,"asset_type":"data_asset","name":"msk_benefits_500_crawled_CLEAN_data.csv","mime":"text/csv","datasource_type":"81bafdbd-b7c6-45c5-a4fd-6ec135f66f4e","object_key":"data_asset/msk_benefits_500_crawled_CLEAN_data.csv","creator_id":"icp4d-dev","create_time":1631735928252,"size":5719669,"is_remote":false,"is_managed":false,"is_referenced":true,"is_object_key_read_only":false,"is_user_provided_path_key":true,"transfer_complete":true,"is_partitioned":false,"complete_time_ticks":1631735928252,"user_data":{},"test_doc":0,"handle":{"key":"data_asset/msk_benefits_500_crawled_CLEAN_data.csv","upload_id":"done","max_part_num":1},"usage":{"access_count":0,"last_accessor_id":"icp4d-dev","last_access_time":1631735928252}}]}