{"metadata":{"asset_id":"6c2c9654-bd69-4a93-b226-157701311e58","asset_attributes":["data_asset"],"name":"2021_0701_MSKBenefits_Analytics Production_Pages_20200701_20210630.xlsx","asset_type":"data_asset","created_at":"2021-09-15T19:58:48Z","description":"","origin_country":"us","owner_id":"1000331007","project_id":"aea02220-b023-4e04-87c6-d822fac4a5f7","size":26938,"tags":[],"usage":{"last_update_time":1631735928356,"last_updated_at":"2021-09-15T19:58:48Z"}},"entity":{"data_asset":{"mime_type":"application/vnd.openxmlformats-officedocument.spreadsheetml.sheet","dataset":false}},"attachments":[{"id":"19d6bfb5-e277-408c-b406-001b2d791ef6","version":2,"asset_type":"data_asset","name":"2021_0701_MSKBenefits_Analytics Production_Pages_20200701_20210630.xlsx","mime":"application/vnd.openxmlformats-officedocument.spreadsheetml.sheet","datasource_type":"81bafdbd-b7c6-45c5-a4fd-6ec135f66f4e","object_key":"data_asset/2021_0701_MSKBenefits_Analytics Production_Pages_20200701_20210630.xlsx","creator_id":"icp4d-dev","create_time":1631735928276,"size":26938,"is_remote":false,"is_managed":false,"is_referenced":true,"is_object_key_read_only":false,"is_user_provided_path_key":true,"transfer_complete":true,"is_partitioned":false,"complete_time_ticks":1631735928276,"user_data":{},"test_doc":0,"handle":{"key":"data_asset/2021_0701_MSKBenefits_Analytics Production_Pages_20200701_20210630.xlsx","upload_id":"done","max_part_num":1},"usage":{"access_count":0,"last_accessor_id":"icp4d-dev","last_access_time":1631735928276}}]}