{"metadata":{"asset_id":"b4606fef-48f1-4f6f-8ef3-d8a26d2da7d7","asset_attributes":["data_asset"],"name":"msk_benefits_crawled_CLEAN_data.csv","asset_type":"data_asset","created_at":"2021-09-15T19:58:48Z","description":"","origin_country":"us","owner_id":"1000331007","project_id":"aea02220-b023-4e04-87c6-d822fac4a5f7","size":7948581,"tags":[],"usage":{"last_update_time":1634170081416,"last_updated_at":"2021-10-14T00:08:01Z"}},"entity":{"data_asset":{"mime_type":"text/csv","dataset":false}},"attachments":[{"id":"714c66c9-7e12-4634-ae69-98909345370a","version":2,"asset_type":"data_asset","name":"msk_benefits_crawled_CLEAN_data.csv","mime":"text/csv","datasource_type":"81bafdbd-b7c6-45c5-a4fd-6ec135f66f4e","object_key":"data_asset/msk_benefits_crawled_CLEAN_data.csv","creator_id":"icp4d-dev","create_time":1631735928192,"size":7948581,"is_remote":false,"is_managed":false,"is_referenced":true,"is_object_key_read_only":false,"is_user_provided_path_key":true,"transfer_complete":true,"is_partitioned":false,"complete_time_ticks":1631735928192,"user_data":{},"test_doc":0,"handle":{"key":"data_asset/msk_benefits_crawled_CLEAN_data.csv","upload_id":"done","max_part_num":1},"usage":{"access_count":1,"last_accessor_id":"1000331007","last_access_time":1634170081415,"last_updater_id":"1000331007","last_update_time":1634170081415}}]}