{"metadata":{"asset_id":"7185e741-97a0-487a-a40b-051f3e9113e4","asset_attributes":["data_asset"],"name":"wd_crawl_raw.json","asset_type":"data_asset","created_at":"2021-09-15T19:58:48Z","description":"","origin_country":"us","owner_id":"1000331007","project_id":"aea02220-b023-4e04-87c6-d822fac4a5f7","size":8178400,"tags":[],"usage":{"last_update_time":1636487042253,"last_updated_at":"2021-11-09T19:44:02Z"}},"entity":{"data_asset":{"mime_type":"application/json","dataset":false}},"attachments":[{"id":"15dfa7ce-25ab-4e28-8882-2b176df20cf8","version":2,"asset_type":"data_asset","name":"wd_crawl_raw.json","mime":"application/json","datasource_type":"81bafdbd-b7c6-45c5-a4fd-6ec135f66f4e","object_key":"data_asset/wd_crawl_raw.json","creator_id":"icp4d-dev","create_time":1631735928211,"size":8178400,"is_remote":false,"is_managed":false,"is_referenced":true,"is_object_key_read_only":false,"is_user_provided_path_key":true,"transfer_complete":true,"is_partitioned":false,"complete_time_ticks":1631735928211,"user_data":{},"test_doc":0,"handle":{"key":"data_asset/wd_crawl_raw.json","upload_id":"done","max_part_num":1},"usage":{"access_count":4,"last_accessor_id":"1000331007","last_access_time":1636487042253,"last_updater_id":"1000331007","last_update_time":1636487042253}}]}