{"metadata":{"asset_id":"aafc95dc-1dfe-4766-bf6d-6e4e9e7ae2b5","asset_attributes":["data_asset"],"name":"Final_ContentMiner.csv","asset_type":"data_asset","created_at":"2021-09-15T19:58:48Z","description":"","origin_country":"us","owner_id":"1000331007","project_id":"aea02220-b023-4e04-87c6-d822fac4a5f7","size":307525,"tags":[],"usage":{"last_update_time":1634170513287,"last_updated_at":"2021-10-14T00:15:13Z"}},"entity":{"data_asset":{"mime_type":"text/csv","dataset":false}},"attachments":[{"id":"e55845dd-ff5c-4d2c-8484-ed85fe5570c6","version":2,"asset_type":"data_asset","name":"Final_ContentMiner.csv","mime":"text/csv","datasource_type":"81bafdbd-b7c6-45c5-a4fd-6ec135f66f4e","object_key":"data_asset/Final_ContentMiner.csv","creator_id":"icp4d-dev","create_time":1631735928194,"size":307525,"is_remote":false,"is_managed":false,"is_referenced":true,"is_object_key_read_only":false,"is_user_provided_path_key":true,"transfer_complete":true,"is_partitioned":false,"complete_time_ticks":1631735928194,"user_data":{},"test_doc":0,"handle":{"key":"data_asset/Final_ContentMiner.csv","upload_id":"done","max_part_num":1},"usage":{"access_count":1,"last_accessor_id":"1000331007","last_access_time":1634170513286,"last_updater_id":"1000331007","last_update_time":1634170513286}}]}