{"metadata":{"asset_id":"f2644e2b-1d04-4a20-9ce2-d7bf1dc42d98","asset_attributes":["data_asset"],"name":"MSK_pages_data.csv","asset_type":"data_asset","created_at":"2021-09-15T19:58:48Z","description":"","origin_country":"us","owner_id":"1000331007","project_id":"aea02220-b023-4e04-87c6-d822fac4a5f7","size":18184,"tags":[],"usage":{"last_update_time":1631735928339,"last_updated_at":"2021-09-15T19:58:48Z"}},"entity":{"data_asset":{"mime_type":"text/csv","dataset":false}},"attachments":[{"id":"c8b7ab5e-369d-49cf-99c8-00dec9c2a5d4","version":2,"asset_type":"data_asset","name":"MSK_pages_data.csv","mime":"text/csv","datasource_type":"81bafdbd-b7c6-45c5-a4fd-6ec135f66f4e","object_key":"data_asset/MSK_pages_data.csv","creator_id":"icp4d-dev","create_time":1631735928243,"size":18184,"is_remote":false,"is_managed":false,"is_referenced":true,"is_object_key_read_only":false,"is_user_provided_path_key":true,"transfer_complete":true,"is_partitioned":false,"complete_time_ticks":1631735928243,"user_data":{},"test_doc":0,"handle":{"key":"data_asset/MSK_pages_data.csv","upload_id":"done","max_part_num":1},"usage":{"access_count":0,"last_accessor_id":"icp4d-dev","last_access_time":1631735928243}}]}