{"metadata":{"asset_id":"a75661d5-8b31-4ddb-9c6a-d9235966498c","asset_attributes":["environment"],"name":"Python 3.7 - 8x16","asset_type":"environment","created_at":"2021-09-15T19:58:48Z","description":"","origin_country":"us","owner_id":"1000331007","project_id":"aea02220-b023-4e04-87c6-d822fac4a5f7","sandbox_id":"aea02220-b023-4e04-87c6-d822fac4a5f7","size":0,"tags":[],"usage":{"last_update_time":1631735928602,"last_updated_at":"2021-09-15T19:58:48Z"}},"entity":{"environment":{"sub_type":"notebook","display_name":"Python 3.7 - 8x16","hardware_specification":{"type":"referenced","guid":"e671d990-e90c-44c0-846b-654827601662"},"software_specification":{"type":"referenced","guid":"c2057dd4-f42c-5f77-a02f-72bdbd3282c9"},"tools_specification":{"supported_kernels":[{"name":"python37","language":"python","version":"3.7","display_name":"Python 3.7"}]},"runtime_definition":"jupyter-py37"}}}