{"metadata":{"asset_id":"e671d990-e90c-44c0-846b-654827601662","asset_attributes":["hardware_specification"],"name":"Python 3.7 - 8x16","asset_type":"hardware_specification","created_at":"2021-09-15T19:58:47Z","description":"","origin_country":"us","owner_id":"1000331007","project_id":"aea02220-b023-4e04-87c6-d822fac4a5f7","sandbox_id":"aea02220-b023-4e04-87c6-d822fac4a5f7","size":0,"tags":[],"usage":{"last_update_time":1631735928081,"last_updated_at":"2021-09-15T19:58:48Z"}},"entity":{"hardware_specification":{"nodes":{"cpu":{"units":"8","model":""},"mem":{"size":"16Gi"}}}}}