{"metadata":{"asset_id":"7361e36c-94f2-4289-a5f0-ecaa2e8b28bd","asset_attributes":["notebook"],"name":"Informational-NLU-API-example","asset_type":"notebook","created_at":"2021-11-05T18:32:47Z","description":"","origin_country":"us","owner_id":"1000331007","project_id":"aea02220-b023-4e04-87c6-d822fac4a5f7","size":6736,"tags":["notebook"],"usage":{"last_update_time":1636560513951,"last_updated_at":"2021-11-10T16:08:33Z"}},"entity":{"notebook":{"kernel":{"name":"python3","display_name":"Python 3.7","language":"python"},"originates_from":{"type":"file"},"runtime":{"environment":"jupconda37oce-aea02220-b023-4e04-87c6-d822fac4a5f7"}}},"attachments":[{"id":"43c36fda-9113-4f7d-bf45-967bc8ba142b","version":2,"asset_type":"notebook","name":"attachment for notebook 7361e36c-94f2-4289-a5f0-ecaa2e8b28bd","description":"attachment for notebook 7361e36c-94f2-4289-a5f0-ecaa2e8b28bd","mime":"application/json","datasource_type":"81bafdbd-b7c6-45c5-a4fd-6ec135f66f4e","object_key":"notebook/NLU_Test_r-Qf49Q5-.ipynb","creator_id":"1000331007","create_time":1636137167546,"size":6736,"is_remote":false,"is_managed":false,"is_referenced":true,"is_object_key_read_only":false,"is_user_provided_path_key":true,"transfer_complete":true,"is_partitioned":false,"complete_time_ticks":1636137167546,"user_data":{},"test_doc":0,"handle":{"key":"notebook/NLU_Test_r-Qf49Q5-.ipynb","upload_id":"done","max_part_num":1},"usage":{"access_count":0,"last_accessor_id":"1000331007","last_access_time":1636137167546}}]}