{"metadata":{"asset_id":"2dc99980-6ac7-4281-a0f3-f86c52412e2f","asset_attributes":["notebook"],"name":"2.5_Content_Miner_Enrichments","asset_type":"notebook","created_at":"2021-09-15T19:58:48Z","description":"","origin_country":"us","owner_id":"icp4d-dev","project_id":"aea02220-b023-4e04-87c6-d822fac4a5f7","size":22597,"tags":["notebook"],"usage":{"last_update_time":1634170543720,"last_updated_at":"2021-10-14T00:15:43Z"}},"entity":{"notebook":{"kernel":{"name":"python3","display_name":"Python 3.7","language":"python"},"originates_from":{"type":"file"},"runtime":{"environment":"a75661d5-8b31-4ddb-9c6a-d9235966498c"}}},"attachments":[{"id":"0075ef78-5992-44e7-8322-b16f1705ca73","version":2,"asset_type":"notebook","name":"attachment for notebook 2dc99980-6ac7-4281-a0f3-f86c52412e2f","description":"attachment for notebook 2dc99980-6ac7-4281-a0f3-f86c52412e2f","mime":"application/json","datasource_type":"81bafdbd-b7c6-45c5-a4fd-6ec135f66f4e","object_key":"notebook/2.5_Content_Miner_Enrichments_baYpTY3Gf.ipynb","creator_id":"1000331007","create_time":1631735928927,"size":22597,"is_remote":false,"is_managed":false,"is_referenced":true,"is_object_key_read_only":false,"is_user_provided_path_key":true,"transfer_complete":true,"is_partitioned":false,"complete_time_ticks":1631735928927,"user_data":{},"test_doc":0,"handle":{"key":"notebook/2.5_Content_Miner_Enrichments_baYpTY3Gf.ipynb","upload_id":"done","max_part_num":1},"usage":{"access_count":0,"last_accessor_id":"1000331007","last_access_time":1631735928927}}]}