{"metadata":{"asset_id":"307419f8-8cd2-40fa-b379-ab58d845ea5c","asset_attributes":["notebook"],"name":"Informational-Watson-Assistant-SaaS","asset_type":"notebook","created_at":"2021-09-15T19:58:48Z","description":"","origin_country":"us","owner_id":"icp4d-dev","project_id":"aea02220-b023-4e04-87c6-d822fac4a5f7","size":3017,"tags":["notebook"],"usage":{"last_update_time":1636560439693,"last_updated_at":"2021-11-10T16:07:19Z"}},"entity":{"notebook":{"kernel":{"name":"python3","display_name":"Python 3.7","language":"python"},"originates_from":{"type":"file"},"runtime":{"environment":"jupconda37oce-aea02220-b023-4e04-87c6-d822fac4a5f7"}}},"attachments":[{"id":"fd002a80-3650-47fd-84c9-e644111a8518","version":2,"asset_type":"notebook","name":"attachment for notebook 307419f8-8cd2-40fa-b379-ab58d845ea5c","description":"attachment for notebook 307419f8-8cd2-40fa-b379-ab58d845ea5c","mime":"application/json","datasource_type":"81bafdbd-b7c6-45c5-a4fd-6ec135f66f4e","object_key":"notebook/_Informational_Watson_Assistant_SaaS_fnEtnzL35.ipynb","creator_id":"1000331007","create_time":1631735928931,"size":3017,"is_remote":false,"is_managed":false,"is_referenced":true,"is_object_key_read_only":false,"is_user_provided_path_key":true,"transfer_complete":true,"is_partitioned":false,"complete_time_ticks":1631735928931,"user_data":{},"test_doc":0,"handle":{"key":"notebook/_Informational_Watson_Assistant_SaaS_fnEtnzL35.ipynb","upload_id":"done","max_part_num":1},"usage":{"access_count":0,"last_accessor_id":"1000331007","last_access_time":1631735928931}}]}