{"metadata":{"asset_id":"f5445ec3-7dd9-4702-bc9c-3efbc34e9bb1","asset_attributes":["notebook"],"name":"1_WatsonDiscovery_Crawl_and_Clean","asset_type":"notebook","created_at":"2021-09-15T19:58:48Z","description":"","origin_country":"us","owner_id":"icp4d-dev","project_id":"aea02220-b023-4e04-87c6-d822fac4a5f7","size":249740,"tags":["notebook"],"usage":{"last_update_time":1636559446047,"last_updated_at":"2021-11-10T15:50:46Z"}},"entity":{"notebook":{"kernel":{"name":"python3","display_name":"Python 3.7","language":"python"},"originates_from":{"type":"file"},"runtime":{"environment":"a75661d5-8b31-4ddb-9c6a-d9235966498c"}}},"attachments":[{"id":"27b0bad5-cc8e-4c1d-8df8-023d0c3c653d","version":2,"asset_type":"notebook","name":"attachment for notebook f5445ec3-7dd9-4702-bc9c-3efbc34e9bb1","description":"attachment for notebook f5445ec3-7dd9-4702-bc9c-3efbc34e9bb1","mime":"application/json","datasource_type":"81bafdbd-b7c6-45c5-a4fd-6ec135f66f4e","object_key":"notebook/1_WatsonDiscovery_Crawl_and_Clean_S07NLSyV8.ipynb","creator_id":"1000331007","create_time":1631735928924,"size":249740,"is_remote":false,"is_managed":false,"is_referenced":true,"is_object_key_read_only":false,"is_user_provided_path_key":true,"transfer_complete":true,"is_partitioned":false,"complete_time_ticks":1631735928924,"user_data":{},"test_doc":0,"handle":{"key":"notebook/1_WatsonDiscovery_Crawl_and_Clean_S07NLSyV8.ipynb","upload_id":"done","max_part_num":1},"usage":{"access_count":0,"last_accessor_id":"1000331007","last_access_time":1631735928924}}]}