{"metadata":{"asset_id":"887017d6-312b-4822-8669-182343ecc3c4","asset_attributes":["notebook"],"name":"Informational-WD-Bert-wTuning","asset_type":"notebook","created_at":"2021-11-10T16:04:48Z","description":"","origin_country":"us","owner_id":"1000331007","project_id":"aea02220-b023-4e04-87c6-d822fac4a5f7","size":97920,"tags":["notebook"],"usage":{"last_update_time":1636560358050,"last_updated_at":"2021-11-10T16:05:58Z"}},"entity":{"notebook":{"kernel":{"name":"python3","display_name":"Python 3.7","language":"python"},"originates_from":{"type":"file"},"runtime":{"environment":"jupconda37oce-aea02220-b023-4e04-87c6-d822fac4a5f7"}}},"attachments":[{"id":"0e9c0430-c841-481d-873b-105dde255786","version":2,"asset_type":"notebook","name":"attachment for notebook 887017d6-312b-4822-8669-182343ecc3c4","description":"attachment for notebook 887017d6-312b-4822-8669-182343ecc3c4","mime":"application/json","datasource_type":"81bafdbd-b7c6-45c5-a4fd-6ec135f66f4e","object_key":"notebook/WD_Bert_wTuning_GSVEMytBG.ipynb","creator_id":"1000331007","create_time":1636560288358,"size":97920,"is_remote":false,"is_managed":false,"is_referenced":true,"is_object_key_read_only":false,"is_user_provided_path_key":true,"transfer_complete":true,"is_partitioned":false,"complete_time_ticks":1636560288358,"user_data":{},"test_doc":0,"handle":{"key":"notebook/WD_Bert_wTuning_GSVEMytBG.ipynb","upload_id":"done","max_part_num":1},"usage":{"access_count":0,"last_accessor_id":"1000331007","last_access_time":1636560288358}}]}