{"metadata":{"asset_id":"80aa1008-6346-4383-bb0a-f12f1595ff59","asset_attributes":["notebook"],"name":"4_QnA_Model_Scoring","asset_type":"notebook","created_at":"2021-11-09T22:14:03Z","description":"","origin_country":"us","owner_id":"1000331007","project_id":"aea02220-b023-4e04-87c6-d822fac4a5f7","size":25861,"tags":["notebook"],"usage":{"last_update_time":1636505770996,"last_updated_at":"2021-11-10T00:56:10Z"}},"entity":{"notebook":{"kernel":{"name":"python3","display_name":"Python 3.7","language":"python"},"originates_from":{"type":"notebook","guid":"848be13b-c3b0-4ee3-be9d-bace58da111e"},"runtime":{"environment":"a75661d5-8b31-4ddb-9c6a-d9235966498c"}}},"attachments":[{"id":"9d4c03b1-61c7-48a5-8994-533c07de31dd","version":2,"asset_type":"notebook","name":"attachment for notebook 80aa1008-6346-4383-bb0a-f12f1595ff59","description":"attachment for notebook 80aa1008-6346-4383-bb0a-f12f1595ff59","mime":"application/json","datasource_type":"81bafdbd-b7c6-45c5-a4fd-6ec135f66f4e","object_key":"notebook/3_QnA_Model_Deployment_copy_1_nmhSIO7jy.ipynb","creator_id":"1000331007","create_time":1636496043474,"size":25861,"is_remote":false,"is_managed":false,"is_referenced":true,"is_object_key_read_only":false,"is_user_provided_path_key":true,"transfer_complete":true,"is_partitioned":false,"complete_time_ticks":1636496043474,"user_data":{},"test_doc":0,"handle":{"key":"notebook/3_QnA_Model_Deployment_copy_1_nmhSIO7jy.ipynb","upload_id":"done","max_part_num":1},"usage":{"access_count":0,"last_accessor_id":"1000331007","last_access_time":1636496043474}}]}