{"metadata":{"asset_id":"ae02d5f3-bc4c-466e-8ea0-b1ec3ba9b927","asset_attributes":["notebook"],"name":"2_Exploratory Data Analysis","asset_type":"notebook","created_at":"2021-09-15T19:58:48Z","description":"","origin_country":"us","owner_id":"icp4d-dev","project_id":"aea02220-b023-4e04-87c6-d822fac4a5f7","size":60812,"tags":["notebook"],"usage":{"last_update_time":1634593447736,"last_updated_at":"2021-10-18T21:44:07Z"}},"entity":{"notebook":{"kernel":{"name":"python3","display_name":"Python 3.7","language":"python"},"originates_from":{"type":"file"},"runtime":{"environment":"a75661d5-8b31-4ddb-9c6a-d9235966498c"}}},"attachments":[{"id":"2a0414c4-7edb-492a-8f99-114ccf8ea500","version":2,"asset_type":"notebook","name":"attachment for notebook ae02d5f3-bc4c-466e-8ea0-b1ec3ba9b927","description":"attachment for notebook ae02d5f3-bc4c-466e-8ea0-b1ec3ba9b927","mime":"application/json","datasource_type":"81bafdbd-b7c6-45c5-a4fd-6ec135f66f4e","object_key":"notebook/2_Exploratory_Data_Analysis_I5kbrLOfI.ipynb","creator_id":"1000331007","create_time":1631735928926,"size":60812,"is_remote":false,"is_managed":false,"is_referenced":true,"is_object_key_read_only":false,"is_user_provided_path_key":true,"transfer_complete":true,"is_partitioned":false,"complete_time_ticks":1631735928926,"user_data":{},"test_doc":0,"handle":{"key":"notebook/2_Exploratory_Data_Analysis_I5kbrLOfI.ipynb","upload_id":"done","max_part_num":1},"usage":{"access_count":0,"last_accessor_id":"1000331007","last_access_time":1631735928926}}]}